Workbook
Name city: 'CRM Dataset'!$E$4:$E$28
Name cust_email: 'CRM Dataset'!$C$4:$C$28
Name cust_name: 'CRM Dataset'!$B$4:$B$28
Name cust_phone: 'CRM Dataset'!$D$4:$D$28
Name CustID: 'CRM Dataset'!$A$4:$A$28
Name join_date: 'CRM Dataset'!$K$4:$K$28
Name last_login_time: 'CRM Dataset'!$O$4:$O$28
Name last_name: 'CRM Dataset'!$L$4:$L$28
Name plan: 'CRM Dataset'!$H$4:$H$28
Name region: 'CRM Dataset'!$F$4:$F$28
Name Renewal_Date: 'CRM Dataset'!$M$4:$M$28
Name revenue: 'CRM Dataset'!$N$4:$N$28
Name segment: 'CRM Dataset'!$G$4:$G$28
Name source: 'CRM Dataset'!$J$4:$J$28
Name Status: 'CRM Dataset'!$I$4:$I$28

Sheet CRM Dataset
A1: CRM Customer Dataset -- 25 rows with intentionally messy names, emails and phones for text function practice
A2: Columns: A=Cust ID B=Raw Name (messy casing/spaces) C=Email (extra spaces) D=Phone (mixed formats) E=City F=Region G=Segment H=Plan I=Status J=Source K=Join Date L=Last Order M=Renewal Date N=Revenue O=Last Login Time (Data rows 3-27)
A3: Cust ID | B3: Raw Name | C3: Email (messy) | D3: Phone (messy) | E3: City | F3: Region | G3: Segment | H3: Plan | I3: Status | J3: Source | K3: Join Date | L3: Last Order | M3: Renewal Date | N3: Revenue | O3: Last Login Time
A4: CRM0001 | B4: Alice Johnson | C4: alice.johnson@hotmail.com | D4: +91-97436-42838 | E4: Hyderabad | F4: West | G4: Education | H4: Custom | I4: Active | J4: Event | K4: 44451 | L4: 44617 | M4: 44691 | N4: 133260 | O4: 2024-03-16 14:46:39
A5: CRM0002 | B5: Bob Smith | C5: bob.smith@biz.net | D5: (9982) 965-198 | E5: Ahmedabad | F5: South | G5: Education | H5: Enterprise | I5: Active | J5: Partner | K5: 44895 | L5: 45142 | M5: 45249 | N5: 143599 | O5: 2024-03-12 15:20:25
A6: CRM0003 | B6: CAROL WHITE | C6: carol.white@gmail.com | D6: +91-95565-61458 | E6: Jaipur | F6: South | G6: Education | H6: Trial | I6: Active | J6: Cold Call | K6: 44744 | L6: 44856 | M6: 45122 | N6: 38853 | O6: 2024-03-16 22:45:10
A7: CRM0004 | B7: David Brown | C7: david.brown@webmail.com | D7: 9739324688 | E7: Mumbai | F7: North | G7: Enterprise | H7: Pro | I7: Prospect | J7: Partner | K7: 44378 | L7: 44923 | M7: 45043 | N7: 114844 | O7: 2024-03-12 22:27:40
A8: CRM0005 | B8: EVA GREEN | C8: eva.green@company.io | D8: +91-97629-18409 | E8: Kolkata | F8: South | G8: Enterprise | H8: Pro | I8: Prospect | J8: Cold Call | K8: 44534 | L8: 44703 | M8: 45000 | N8: 147991 | O8: 2024-03-22 21:48:08
A9: CRM0006 | B9: Frank Lee | C9: frank.lee@webmail.com | D9: +91-91599-33789 | E9: Bangalore | F9: Central | G9: Government | H9: Basic | I9: Active | J9: Website | K9: 45081 | L9: 45846 | M9: 46183 | N9: 42660 | O9: 2024-03-19 10:11:26
A10: CRM0007 | B10: GRACE KIM | C10: grace.kim@hotmail.com | D10: (9702) 332-368 | E10: Delhi | F10: East | G10: SMB | H10: Basic | I10: Onboarding | J10: Cold Call | K10: 44708 | L10: 44977 | M10: 45138 | N10: 7922 | O10: 2024-03-28 21:03:21
A11: CRM0008 | B11: henry davis | C11: henry.davis@corp.in | D11: 9461586830 | E11: Pune | F11: Central | G11: Enterprise | H11: Pro | I11: Active | J11: Cold Call | K11: 44605 | L11: 45030 | M11: 45272 | N11: 194178 | O11: 2024-03-22 20:28:14
A12: CRM0009 | B12: Isla Martin | C12: isla.martin@hotmail.com | D12: 9801543876 | E12: Chennai | F12: South | G12: Government | H12: Enterprise | I12: Prospect | J12: Email Campaign | K12: 44305 | L12: 45039 | M12: 45229 | N12: 26004 | O12: 2024-03-24 14:58:16
A13: CRM0010 | B13: JACK WILSON | C13: jack.wilson@company.io | D13: 9835306774 | E13: Bangalore | F13: East | G13: Government | H13: Enterprise | I13: Prospect | J13: Partner | K13: 45004 | L13: 45522 | M13: 45825 | N13: 165170 | O13: 2024-03-15 12:24:43
A14: CRM0011 | B14: Karen Taylor | C14: karen.taylor@webmail.com | D14: (9308) 812-623 | E14: Pune | F14: East | G14: SMB | H14: Pro | I14: Churned | J14: Partner | K14: 44399 | L14: 44782 | M14: 44814 | N14: 114238 | O14: 2024-03-17 14:55:55
A15: CRM0012 | B15: Liam Moore | C15: liam.moore@corp.in | D15: +91-91038-85085 | E15: Jaipur | F15: East | G15: SMB | H15: Custom | I15: Prospect | J15: Referral | K15: 44741 | L15: 44978 | M15: 45008 | N15: 74181 | O15: 2024-03-23 15:35:33
... A28: CRM0025 | B28: YARA HILL | C28: yara.hill@corp.in | D28: +91-95791-52218 | E28: Kolkata | F28: South | G28: Government | H28: Custom | I28: Active | J28: Cold Call | K28: 44799 | L28: 45067 | M28: 45271 | N28: 136586 | O28: 2024-03-15 11:46:36

Sheet LEFT RIGHT MID LEN
A1: LEFT | RIGHT | MID | LEN -- Extract and Measure Text
A2: LEFT(text,n) extracts n chars from the start. RIGHT(text,n) from the end. MID(text,start,n) extracts n chars from a given position. LEN returns the character count. These are the building blocks for all text parsing tasks.
A3: Cust ID | B3: Email (raw) | C3: LEN | D3: LEFT(5) | E3: RIGHT(8) | F3: MID: Domain | G3: Extract Username
A4: CRM0001 | B4: alice.johnson@hotmail.com | C4: =LEN('CRM Dataset'!C4) -> 29 | D4: =LEFT(TRIM('CRM Dataset'!C4),5) -> alice | E4: =RIGHT(TRIM('CRM Dataset'!C4),8) -> mail.com | F4: =MID(TRIM('CRM Dataset'!C4),FIND("@",TRIM('CRM Dataset'!C4))+1,LEN(TRIM('CRM Dataset'!C4))) -> hotmail.com | G4: =LEFT(TRIM('CRM Dataset'!C4),FIND("@",TRIM('CRM Dataset'!C4))-1) -> alice.johnson
A5: CRM0002 | B5: bob.smith@biz.net | C5: =LEN('CRM Dataset'!C5) -> 21 | D5: =LEFT(TRIM('CRM Dataset'!C5),5) -> bob.s | E5: =RIGHT(TRIM('CRM Dataset'!C5),8) -> @biz.net | F5: =MID(TRIM('CRM Dataset'!C5),FIND("@",TRIM('CRM Dataset'!C5))+1,LEN(TRIM('CRM Dataset'!C5))) -> biz.net | G5: =LEFT(TRIM('CRM Dataset'!C5),FIND("@",TRIM('CRM Dataset'!C5))-1) -> bob.smith
A6: CRM0003 | B6: carol.white@gmail.com | C6: =LEN('CRM Dataset'!C6) -> 25 | D6: =LEFT(TRIM('CRM Dataset'!C6),5) -> carol | E6: =RIGHT(TRIM('CRM Dataset'!C6),8) -> mail.com | F6: =MID(TRIM('CRM Dataset'!C6),FIND("@",TRIM('CRM Dataset'!C6))+1,LEN(TRIM('CRM Dataset'!C6))) -> gmail.com | G6: =LEFT(TRIM('CRM Dataset'!C6),FIND("@",TRIM('CRM Dataset'!C6))-1) -> carol.white
A7: CRM0004 | B7: david.brown@webmail.com | C7: =LEN('CRM Dataset'!C7) -> 27 | D7: =LEFT(TRIM('CRM Dataset'!C7),5) -> david | E7: =RIGHT(TRIM('CRM Dataset'!C7),8) -> mail.com | F7: =MID(TRIM('CRM Dataset'!C7),FIND("@",TRIM('CRM Dataset'!C7))+1,LEN(TRIM('CRM Dataset'!C7))) -> webmail.com | G7: =LEFT(TRIM('CRM Dataset'!C7),FIND("@",TRIM('CRM Dataset'!C7))-1) -> david.brown | I7: LEFT(5) | J7: Q1. Extract the first 5 characters from the email ID after removing extra spaces.
A8: CRM0005 | B8: eva.green@company.io | C8: =LEN('CRM Dataset'!C8) -> 24 | D8: =LEFT(TRIM('CRM Dataset'!C8),5) -> eva.g | E8: =RIGHT(TRIM('CRM Dataset'!C8),8) -> mpany.io | F8: =MID(TRIM('CRM Dataset'!C8),FIND("@",TRIM('CRM Dataset'!C8))+1,LEN(TRIM('CRM Dataset'!C8))) -> company.io | G8: =LEFT(TRIM('CRM Dataset'!C8),FIND("@",TRIM('CRM Dataset'!C8))-1) -> eva.green
A9: CRM0006 | B9: frank.lee@webmail.com | C9: =LEN('CRM Dataset'!C9) -> 25 | D9: =LEFT(TRIM('CRM Dataset'!C9),5) -> frank | E9: =RIGHT(TRIM('CRM Dataset'!C9),8) -> mail.com | F9: =MID(TRIM('CRM Dataset'!C9),FIND("@",TRIM('CRM Dataset'!C9))+1,LEN(TRIM('CRM Dataset'!C9))) -> webmail.com | G9: =LEFT(TRIM('CRM Dataset'!C9),FIND("@",TRIM('CRM Dataset'!C9))-1) -> frank.lee | I9: RIGHT(8) | J9: Q2. Extract the last 8 characters from the email ID after removing leading or trailing spaces.
A10: CRM0007 | B10: grace.kim@hotmail.com | C10: =LEN('CRM Dataset'!C10) -> 25 | D10: =LEFT(TRIM('CRM Dataset'!C10),5) -> grace | E10: =RIGHT(TRIM('CRM Dataset'!C10),8) -> mail.com | F10: =MID(TRIM('CRM Dataset'!C10),FIND("@",TRIM('CRM Dataset'!C10))+1,LEN(TRIM('CRM Dataset'!C10))) -> hotmail.com | G10: =LEFT(TRIM('CRM Dataset'!C10),FIND("@",TRIM('CRM Dataset'!C10))-1) -> grace.kim
A11: CRM0008 | B11: henry.davis@corp.in | C11: 23 | D11: henry | E11: @corp.in | F11: corp.in | G11: henry.davis | I11: LEN | J11: Q3. Calculate the total number of characters present in the email address.
A12: CRM0009 | B12: isla.martin@hotmail.com | C12: 27 | D12: isla. | E12: mail.com | F12: hotmail.com | G12: isla.martin
A13: CRM0010 | B13: jack.wilson@company.io | C13: 26 | D13: jack. | E13: mpany.io | F13: company.io | G13: jack.wilson | I13: Extract Username | J13: Q4. Extract the username (text before @) from the email ID.
A14: CRM0011 | B14: karen.taylor@webmail.com | C14: =LEN(B14) -> 28 | D14: =LEFT(B14,5) -> kar | E14: =RIGHT(B14,8) -> il.com
A15: CRM0012 | B15: liam.moore@corp.in | C15: =LEN(B15) -> 22 | D15: =LEFT(B15,5) -> lia | E15: =RIGHT(B15,8) -> orp.in | I15: MID: Domain | J15: Q5. Extract the domain name (text after @) from the email ID using appropriate text functions.
A16: CRM0013 | B16: mia.anderson@company.io | C16: =LEN(B16) -> 27 | D16: =LEFT(B16,5) -> mia | E16: =RIGHT(B16,8) -> any.io
A17: CRM0014 | B17: noah.thomas@corp.in | C17: =LEN(B17) -> 23 | D17: =LEFT(B17,5) -> noa | E17: =RIGHT(B17,8) -> orp.in
A18: CRM0015 | B18: olivia.harris@corp.in | C18: =LEN(B18) -> 25 | D18: =LEFT(B18,5) -> oli | E18: =RIGHT(B18,8) -> orp.in
A19: CRM0016 | B19: peter.clark@biz.net | C19: =LEN(B19) -> 23 | D19: =LEFT(B19,5) -> pet | E19: =RIGHT(B19,8) -> iz.net
A20: CRM0017 | B20: quinn.lewis@gmail.com | C20: =LEN(B20) -> 25 | D20: =LEFT(B20,5) -> qui | E20: =RIGHT(B20,8) -> il.com
A21: CRM0018 | B21: ryan.walker@hotmail.com | C21: =LEN(B21) -> 27 | D21: =LEFT(B21,5) -> rya | E21: =RIGHT(B21,8) -> il.com
A22: CRM0019 | B22: sara.hall@outlook.com | C22: =LEN(B22) -> 25 | D22: =LEFT(B22,5) -> sar | E22: =RIGHT(B22,8) -> ok.com
A23: CRM0020 | B23: tom.young@outlook.com | C23: =LEN(B23) -> 25 | D23: =LEFT(B23,5) -> tom | E23: =RIGHT(B23,8) -> ok.com
A24: CRM0021 | B24: uma.scott@outlook.com | C24: =LEN(B24) -> 25 | D24: =LEFT(B24,5) -> uma | E24: =RIGHT(B24,8) -> ok.com
A25: CRM0022 | B25: victor.king@company.io | C25: =LEN(B25) -> 26 | D25: =LEFT(B25,5) -> vic | E25: =RIGHT(B25,8) -> any.io
A26: CRM0023 | B26: wendy.wright@outlook.com | C26: =LEN(B26) -> 28 | D26: =LEFT(B26,5) -> wen | E26: =RIGHT(B26,8) -> ok.com
A27: CRM0024 | B27: xander.lopez@yahoo.com | C27: =LEN(B27) -> 26 | D27: =LEFT(B27,5) -> xan | E27: =RIGHT(B27,8) -> oo.com
A28: CRM0025 | B28: yara.hill@corp.in | C28: =LEN(B28) -> 21 | D28: =LEFT(B28,5) -> yar | E28: =RIGHT(B28,8) -> orp.in
A30: Formula Examples and Explanation
A31: '=LEFT("CRM0001",3) | D31: Returns CRM -- first 3 characters
A32: '=RIGHT("alice@gmail.com",9) | D32: Returns gmail.com -- last 9 characters
A33: '=MID("alice@gmail.com",7,9) | D33: Returns gmail.com -- 9 chars starting at position 7
A34: '=LEN(" hello ") | D34: Returns 9 -- includes spaces; use TRIM first for clean count
A35: '=LEN(TRIM(text)) | D35: Clean length after trimming leading/trailing spaces
A36: '=LEFT(email,FIND("@",email)-1) | D36: Extract username dynamically -- works for any email length
A37: '=MID(text,FIND("@",text)+1,LEN(text)) | D37: Extract domain -- from after @ to end of string

Sheet UPPER LOWER PROPER TRIM CLEAN
A1: UPPER | LOWER | PROPER | TRIM | CLEAN -- Text Standardisation
A2: UPPER converts to ALL CAPS. LOWER converts to all lowercase. PROPER capitalises Each Word. TRIM removes leading, trailing and extra internal spaces (keeps single spaces between words). CLEAN removes non-printable characters. Combine PROPER+TRIM for standardising messy name columns.
A3: Cust ID | B3: Raw Name (messy) | C3: UPPER | D3: LOWER | E3: PROPER | F3: TRIM only | G3: PROPER + TRIM
A4: CRM0001 | B4: Alice Johnson | C4: ALICE JOHNSON | D4: alice johnson | E4: Alice Johnson | F4: Alice Johnson | G4: Alice Johnson
A5: CRM0002 | B5: Bob Smith | C5: BOB SMITH | D5: bob smith | E5: Bob Smith | F5: Bob Smith | G5: Bob Smith
A6: CRM0003 | B6: CAROL WHITE | C6: CAROL WHITE | D6: carol white | E6: Carol White | F6: CAROL WHITE | G6: Carol White
A7: CRM0004 | B7: David Brown | C7: DAVID BROWN | D7: david brown | E7: David Brown | F7: David Brown | G7: David Brown
A8: CRM0005 | B8: EVA GREEN | I8: UPPER | J8: Convert the customer name into uppercase letters.
A9: CRM0006 | B9: Frank Lee
A10: CRM0007 | B10: GRACE KIM | I10: LOWER | J10: Convert the customer name into lowercase letters.
A11: CRM0008 | B11: henry davis
A12: CRM0009 | B12: Isla Martin | I12: PROPER | J12: Convert the customer name into proper case (first letter capitalized for each word).
A13: CRM0010 | B13: JACK WILSON
A14: CRM0011 | B14: Karen Taylor | I14: TRIM only | J14: Remove extra spaces from the customer name.
A15: CRM0012 | B15: Liam Moore
A16: CRM0013 | B16: Mia Anderson | I16: PROPER + TRIM | J16: Apply TRIM and PROPER together to standardize the name format.
A17: CRM0014 | B17: Noah Thomas
A18: CRM0015 | B18: olivia harris
A19: CRM0016 | B19: Peter Clark
A20: CRM0017 | B20: Quinn Lewis
A21: CRM0018 | B21: Ryan Walker
A22: CRM0019 | B22: Sara Hall
A23: CRM0020 | B23: Tom Young
A24: CRM0021 | B24: Uma Scott
A25: CRM0022 | B25: Victor King
A26: CRM0023 | B26: Wendy Wright
A27: CRM0024 | B27: xander lopez
A28: CRM0025 | B28: YARA HILL
A30: Formula Examples and Explanation
A31: '=UPPER("alice johnson") | D31: Returns ALICE JOHNSON -- useful for key matching
A32: '=LOWER("ALICE@GMAIL.COM") | D32: Returns alice@gmail.com -- normalise emails before lookup
A33: '=PROPER("alice johnson") | D33: Returns Alice Johnson -- title case for display
A34: '=TRIM(" Alice Johnson ") | D34: Returns Alice Johnson -- removes all extra spaces
A35: '=PROPER(TRIM(name_cell)) | D35: Gold standard for cleaning messy name columns
A36: '=LOWER(TRIM(CLEAN(email_cell))) | D36: Gold standard for cleaning email addresses
A37: TRIM vs CLEAN | D37: TRIM removes spaces; CLEAN removes non-printable chars (from imports)
A38: '=LEN(A1)<>LEN(TRIM(A1)) | D38: Returns TRUE if cell has leading/trailing spaces -- data quality check

Sheet FIND SEARCH SUBSTITUTE REPLACE
A1: FIND | SEARCH | SUBSTITUTE | REPLACE -- Locate and Modify Text
A2: FIND returns position of text (case-sensitive). SEARCH is case-insensitive. SUBSTITUTE replaces every occurrence of old text with new text. REPLACE replaces text at a specific position/length. FIND/SEARCH return errors if not found -- wrap with IFERROR.
A3: Cust ID | B3: Phone (raw) | C3: Email (raw) | D3: FIND @ | E3: SEARCH .com | F3: SUBSTITUTE: clean phone | G3: REPLACE: mask email | H3: Check: has gmail
A4: CRM0001 | B4: +91-97436-42838 | C4: alice.johnson@hotmail.com | D4: 14 | E4: 22 | F4: 9743642838 | G4: ***@hotmail.com | H4: No
A5: CRM0002 | B5: (9982) 965-198 | C5: bob.smith@biz.net | D5: 10 | E5: Not found | F5: 9982965198 | G5: ***@biz.net | H5: No
A6: CRM0003 | B6: +91-95565-61458 | C6: carol.white@gmail.com | D6: 12 | E6: 18 | F6: 9556561458 | G6: ***@gmail.com | H6: Yes
A7: CRM0004 | B7: 9739324688 | C7: david.brown@webmail.com | D7: 12 | E7: 20 | F7: 9739324688 | G7: ***@webmail.com | H7: No | J7: FIND @ | K7: Find the position of the “@” symbol in the email address.
A8: CRM0005 | B8: +91-97629-18409 | C8: eva.green@company.io | K8: If the symbol is not found, return "Not found".
A9: CRM0006 | B9: +91-91599-33789 | C9: frank.lee@webmail.com
A10: CRM0007 | B10: (9702) 332-368 | C10: grace.kim@hotmail.com | J10: SEARCH .com | K10: Check whether the email address contains ".com".
A11: CRM0008 | B11: 9461586830 | C11: henry.davis#corp.in | K11: If not found, return "Not found".
A12: CRM0009 | B12: 9801543876 | C12: isla.martin@hotmail.com
A13: CRM0010 | B13: 9835306774 | C13: jack.wilson@company.io | J13: Check: has gmail | K13: Check whether the email address belongs to Gmail.
A14: CRM0011 | B14: (9308) 812-623 | C14: karen.taylor@webmail.com | K14: Return "Yes" if it contains “gmail”, otherwise "No".
A15: CRM0012 | B15: +91-91038-85085 | C15: liam.moore.corp.in
A16: CRM0013 | B16: 9315053957 | C16: mia.anderson@company.io | J16: REPLACE: mask email | K16: Mask the email address by replacing the username with *** and keeping only the domain.
A17: CRM0014 | B17: 9527828713 | C17: noah.thomas@corp.in | K17: Example:
A18: CRM0015 | B18: 9297208362 | C18: olivia.harris@corp.in | K18: john@gmail.com → ***@gmail.com
A19: CRM0016 | B19: 9803496718 | C19: peter.clark@biz.net
A20: CRM0017 | B20: +91 9467638183 | C20: quinn.lewis@gmail.com
A21: CRM0018 | B21: +91 9932782413 | C21: ryan.walker@hotmail.com | J21: SUBSTITUTE: clean phone | K21: Clean a phone number by removing characters such as:
A22: CRM0019 | B22: 9480006467 | C22: sara.hall@outlook.com | K22: 91 | L22: - | M22: ( | N22: ) | O22: spaces
A23: CRM0020 | B23: +91 9633174470 | C23: tom.young@outlook.com | K23: so that only the 10-digit number remains.
A24: CRM0021 | B24: (9931) 124-589 | C24: uma.scott@outlook.com
A25: CRM0022 | B25: (9232) 719-732 | C25: victor.king@company.io
A26: CRM0023 | B26: 9844781015 | C26: wendy.wright@outlook.com
A27: CRM0024 | B27: +91-95667-67798 | C27: xander.lopez@yahoo.com
A28: CRM0025 | B28: +91-95791-52218 | C28: yara.hill@corp.in
A30: Formula Examples and Explanation
A31: '=FIND("@","alice@gmail.com") | D31: Returns 6 -- position of @ (case-sensitive)
A32: '=SEARCH("GMAIL","alice@gmail.com") | D32: Returns 7 -- case-insensitive, finds gmail
A33: '=IFERROR(FIND("@",text),0) | D33: Safe pattern: returns 0 if @ not found
A34: '=SUBSTITUTE(phone,"-","") | D34: Remove all hyphens from phone number
A35: '=SUBSTITUTE(text,"old","new",2) | D35: Replace only the 2nd occurrence (instance param)
A36: '=REPLACE("CRM0001",4,4,"9999") | D36: Returns CRM9999 -- replace 4 chars starting at pos 4
A37: FIND vs SEARCH | D37: FIND is case-sensitive and faster; SEARCH supports wildcards
A38: '=IF(IFERROR(SEARCH("gmail",email),0)>0,"Yes","No") | D38: Check if email contains gmail -- common data filter

Sheet CONCAT TEXTJOIN TEXT
A1: CONCATENATE | CONCAT | TEXTJOIN | TEXT -- Combine and Format Text
A2: CONCATENATE joins text strings (legacy). CONCAT is the modern replacement (no separator). TEXTJOIN joins with a delimiter and can skip blanks (Excel 2019+). TEXT converts a number or date to formatted text -- critical for building dynamic labels.
A3: Cust ID | B3: First Name | C3: Last Name | D3: CONCAT Full Name | E3: TEXTJOIN: Full Label | F3: TEXT: Join Date Label | G3: TEXT: Revenue Formatted | H3: & Operator: ID+Name
A4: CRM0001 | B4: Alice | C4: Johnson | D4: Alice Johnson | E4: CRM0001 | Alice Johnson | Hyderabad | Custom | F4: Joined: 12-Sep-2021 | G4: Rev: 1,33,260 | H4: CRM0001 -- Alice Johnson
A5: CRM0002 | B5: Bob | C5: Smith | D5: Bob Smith | E5: CRM0002 | Bob Smith | Ahmedabad | Enterprise | F5: Joined: 30-Nov-2022 | G5: Rev: 1,43,599 | H5: CRM0002 -- Bob Smith
A6: CRM0003 | B6: Carol | C6: White | D6: Carol White | E6: CRM0003 | Carol White | Jaipur | Trial | F6: Joined: 02-Jul-2022 | G6: Rev: 38,853 | H6: CRM0003 -- Carol White
A7: CRM0004 | B7: David | C7: Brown | D7: David Brown | E7: CRM0004 | David Brown | Mumbai | Pro | F7: Joined: 01-Jul-2021 | G7: Rev: 1,14,844 | H7: CRM0004 -- David Brown
A8: CRM0005 | B8: Eva | C8: Green | D8: Eva Green | E8: CRM0005 | Eva Green | Kolkata | Pro | F8: Joined: 04-Dec-2021 | G8: Rev: 1,47,991 | H8: CRM0005 -- Eva Green
A9: CRM0006
A10: CRM0007
A11: CRM0008
A12: CRM0009
A13: CRM0010
A14: CRM0011
A15: CRM0012
A16: CRM0013
A17: CRM0014
A18: CRM0015
A19: CRM0016
A20: CRM0017
... A30: Formula Examples and Explanation
A31: '=CONCAT(A2," ",B2) | D31: Joins first and last name with a space (modern CONCATENATE)
A32: '=A2&" "&B2 | D32: Ampersand operator -- simplest way to join text
A33: '=TEXTJOIN(", ",TRUE,A2:D2) | D33: Join range with comma separator; TRUE skips blanks
A34: '=TEXTJOIN(" | ",TRUE,ID,Name,City) | D34: Build composite label -- great for dashboards
A35: '=TEXT(date,"DD-MMM-YYYY") | D35: Converts date serial to text: 15-Mar-2024
A36: '=TEXT(number,"#,##0") | D36: Formats number with commas: 125000 -> 1,25,000
A37: '=TEXT(number,"0.0%") | D37: Formats decimal as percentage: 0.153 -> 15.3%
A38: '=CONCAT("As of ",TEXT(TODAY(),"MMM YYYY")) | D38: Dynamic header: As of Mar 2026
A45: Alice | B45: Johnson | C45: Alice Johnson | D45: CRM0001 | Alice Johnson | Hyderabad | Custom | E45: Joined: 12-Sep-2021 | F45: Rev: 1,33,260 | G45: CRM0001 -- Alice Johnson
A46: Bob | B46: Smith | C46: Bob Smith | D46: CRM0002 | Bob Smith | Ahmedabad | Enterprise | E46: Joined: 30-Nov-2022 | F46: Rev: 1,43,599 | G46: CRM0002 -- Bob Smith
A47: Carol | B47: White | C47: Carol White | D47: CRM0003 | Carol White | Jaipur | Trial | E47: Joined: 02-Jul-2022 | F47: Rev: 38,853 | G47: CRM0003 -- Carol White
A48: David | B48: Brown | C48: David Brown | D48: CRM0004 | David Brown | Mumbai | Pro | E48: Joined: 01-Jul-2021 | F48: Rev: 1,14,844 | G48: CRM0004 -- David Brown
A49: Eva | B49: Green | C49: Eva Green | D49: CRM0005 | Eva Green | Kolkata | Pro | E49: Joined: 04-Dec-2021 | F49: Rev: 1,47,991 | G49: CRM0005 -- Eva Green

Sheet TODAY NOW DATE TIME
A1: TODAY | NOW | DATE | TIME -- Date and Time Foundations
A2: TODAY() returns today's date (updates each recalculation). NOW() returns current date+time. DATE(year,month,day) builds a date from parts. TIME(hour,min,sec) builds a time. Dates in Excel are serial numbers -- format them to display as dates.
A3: Cust ID | B3: Join Date | C3: Days Since Join | D3: TODAY Formula | E3: NOW Formula | F3: DATE Construct | G3: Days to Renewal | H3: Renewal Status
A4: CRM0001 | B4: 44451 | C4: 1643 | D4: 46094 | E4: 46094.727 | F4: 44451 | G4: -1403 | H4: Expired
A5: CRM0002 | B5: 44895 | C5: 1199 | D5: 46094 | E5: 46094.727 | F5: 44895 | G5: -845 | H5: Expired
A6: CRM0003 | B6: 44744 | C6: 1350 | D6: 46094 | E6: 46094.727 | F6: 44744 | G6: -972 | H6: Expired
A7: CRM0004 | B7: 44378 | C7: 1716 | D7: 46094 | E7: 46094.727 | F7: 44378 | G7: -1051 | H7: Expired | K7: Days to Renewal | L7: Calculate the number of days remaining until the contract end date.
A8: CRM0005 | B8: 44534 | C8: 1560 | D8: 46094 | E8: 46094.727 | F8: 44534 | G8: -1094 | H8: Expired
A9: CRM0006 | B9: 45081 | C9: 1013 | D9: 46094 | E9: 46094.727 | F9: 45081 | G9: 89 | H9: Active | K9: Renewal Status | L9: Create a status column based on expiry date:
A10: CRM0007 | B10: 44708 | C10: 1386 | D10: 46094 | E10: 46094.727 | F10: 44708 | G10: -956 | H10: Expired | L10: If expiry date < today → Expired
A11: CRM0008 | B11: 44605 | C11: 1489 | D11: 46094 | E11: 46094.727 | F11: 44605 | G11: -822 | H11: Expired | L11: If expiry date is within next 30 days → Due Soon
A12: CRM0009 | B12: 44305 | L12: Otherwise → Active
A13: CRM0010 | B13: 45004
A14: CRM0011 | B14: 44399
A15: CRM0012 | B15: 44741
A16: CRM0013 | B16: 44304
A17: CRM0014 | B17: 44468
A18: CRM0015 | B18: 44687
A19: CRM0016 | B19: 44780
A20: CRM0017 | B20: 44765
A21: CRM0018 | B21: 44915
A22: CRM0019 | B22: 44931
A23: CRM0020 | B23: 44730
A24: CRM0021 | B24: 44456
... A28: CRM0025 | B28: 44799
A30: Formula Examples and Explanation
A31: '=TODAY() | D31: Returns today's date -- recalculates on every open
A32: '=NOW() | D32: Returns today's date and current time
A33: '=TODAY()-join_date | D33: Days since customer joined -- elapsed days
A34: '=DATE(2024,3,15) | D34: Build a date from year, month, day numbers
A35: '=DATE(YEAR(d),MONTH(d)+3,DAY(d)) | D35: Add 3 months to a date (safer than +90 days)
A36: '=TIME(14,30,0) | D36: Build a time value: 2:30:00 PM
A37: '=IF(renewal<TODAY(),"Expired","Active") | D37: Check if a renewal date has passed
A38: '=EOMONTH(TODAY(),0) | D38: Last day of current month -- useful for period-end reports

Sheet YEAR MONTH DAY WEEKDAY WEEKNUM
A1: YEAR | MONTH | DAY | WEEKDAY | WEEKNUM -- Extract Date Parts
A2: YEAR/MONTH/DAY extract individual parts from a date. WEEKDAY returns day of week as a number (1=Sun by default; use type=2 for 1=Mon). WEEKNUM returns which week of the year the date falls in. These are essential for grouping, filtering and building period labels.
A3: Cust ID | B3: Join Date | C3: YEAR | D3: MONTH | E3: DAY | F3: WEEKDAY (type 2) | G3: WEEKNUM | H3: Quarter
A4: CRM0001 | B4: 44451 | C4: 2021 | D4: 9 | E4: 12 | F4: 7 | G4: 37 | H4: Q3-2021
A5: CRM0002 | B5: 44895 | C5: 2022 | D5: 11 | E5: 30 | F5: 3 | G5: 49 | H5: Q4-2022
A6: CRM0003 | B6: 44744 | C6: 2022 | D6: 7 | E6: 2 | F6: 6 | G6: 27 | H6: Q3-2022
A7: CRM0004 | B7: 44378 | C7: 2021 | D7: 7 | E7: 1 | F7: 4 | G7: 27 | H7: Q3-2021
A8: CRM0005 | B8: 44534
A9: CRM0006 | B9: 45081
A10: CRM0007 | B10: 44708
A11: CRM0008 | B11: 44605
A12: CRM0009 | B12: 44305
A13: CRM0010 | B13: 45004
A14: CRM0011 | B14: 44399
A15: CRM0012 | B15: 44741
A16: CRM0013 | B16: 44304
A17: CRM0014 | B17: 44468
A18: CRM0015 | B18: 44687
A19: CRM0016 | B19: 44780
... A28: CRM0025 | B28: 44799
A30: Formula Examples and Explanation
A31: '=YEAR(join_date) | D31: Returns 2022 -- extract year for annual grouping
A32: '=MONTH(join_date) | D32: Returns 1-12 -- extract month number
A33: '=DAY(join_date) | D33: Returns 1-31 -- extract day number
A34: '=WEEKDAY(date,2) | D34: Returns 1=Mon...7=Sun (type 2 is ISO standard)
A35: '=WEEKNUM(date,2) | D35: ISO week number (type 2) -- week starts Monday
A36: '=CONCAT("Q",INT((MONTH(d)-1)/3)+1) | D36: Build quarter label: Q1, Q2, Q3, Q4
A37: '=CONCAT("Q",INT((MONTH(d)-1)/3)+1,"-",YEAR(d)) | D37: Full quarter+year label: Q2-2024
A38: '=TEXT(date,"MMM-YYYY") | D38: Month-Year label: Mar-2024 -- for axis labels

Sheet DATEDIF DAYS NETWORKDAYS EDATE
A1: DATEDIF | DAYS | NETWORKDAYS | WORKDAY | EDATE -- Date Arithmetic
A2: DATEDIF calculates difference in days, months or years between two dates. DAYS returns simple day difference. NETWORKDAYS counts working days (excludes weekends). WORKDAY adds N working days to a date. EDATE adds N months to a date. These are the core functions for SLA tracking, tenure calculation and project scheduling.
A3: Cust ID | B3: Join Date | C3: Last Order | D3: DATEDIF: Days | E3: DATEDIF: Months | F3: DATEDIF: Years | G3: NETWORKDAYS | H3: EDATE +3M(join date)
A4: CRM0001 | B4: 44451 | C4: 44617 | D4: 166 | E4: 5 | F4: 0 | G4: 120 | H4: 44542
A5: CRM0002 | B5: 44895 | C5: 45142 | D5: 247 | E5: 8 | F5: 0 | G5: 178 | H5: 44985
A6: CRM0003 | B6: 44744 | C6: 44856 | D6: 112 | E6: 3 | F6: 0 | G6: 80 | H6: 44836
A7: CRM0004 | B7: 44378 | C7: 44923 | D7: 545 | E7: 17 | F7: 1 | G7: 390 | H7: 44470
A8: CRM0005 | B8: 44534 | C8: 44703 | D8: 169 | E8: 5 | F8: 0 | G8: 120 | H8: 44624
A9: CRM0006 | B9: 45081 | C9: 45846
A10: CRM0007 | B10: 44708 | C10: 44977
A11: CRM0008 | B11: 44605 | C11: 45030
A12: CRM0009 | B12: 44305 | C12: 45039
A13: CRM0010 | B13: 45004 | C13: 45522
A14: CRM0011 | B14: 44399 | C14: 44782
A15: CRM0012 | B15: 44741 | C15: 44978
A16: CRM0013 | B16: 44304 | C16: 44648
A17: CRM0014 | B17: 44468 | C17: 44969
A18: CRM0015 | B18: 44687 | C18: 45303
A19: CRM0016 | B19: 44780 | C19: 45506
A20: CRM0017 | B20: 44765 | C20: 45094
... A28: CRM0025 | B28: 44799 | C28: 45067
A30: Formula Examples and Explanation
A31: '=DATEDIF(start,end,"D") | D31: "D" = total days between dates
A32: '=DATEDIF(start,end,"M") | D32: "M" = complete months between dates
A33: '=DATEDIF(start,end,"Y") | D33: "Y" = complete years -- use for tenure/age calculation
A34: '=DATEDIF(start,end,"YM") | D34: "YM" = months after subtracting full years -- e.g. 2 years 3 months
A35: '=DAYS(end_date,start_date) | D35: Simple day count -- end minus start (argument order reversed vs DATEDIF)
A36: '=NETWORKDAYS(start,end) | D36: Count working days only (Mon-Fri); excludes weekends
A37: '=WORKDAY(start_date,30) | D37: Date that is 30 working days from start (for SLA deadlines)
A38: '=EDATE(date,3) | D38: Date exactly 3 months later -- handles month-end correctly

Sheet HOUR MINUTE SECOND TIMEVALUE
A1: HOUR | MINUTE | SECOND | TIMEVALUE -- Extract and Parse Time
A2: HOUR/MINUTE/SECOND extract time components from a time or datetime value. TIMEVALUE converts a time stored as text (e.g. "14:30:00") into an Excel time serial. Use these for session analysis, login tracking, and response time calculations.
A3: Cust ID | B3: Last Login (text) | C3: HOUR | D3: MINUTE | E3: SECOND | F3: TIMEVALUE | G3: Session Period | H3: Business Hours?
A4: CRM0001 | B4: 2024-03-16 14:46:39 | C4: 14 | D4: 46 | E4: 39 | F4: 0.61572917 | G4: Afternoon | H4: Yes
A5: CRM0002 | B5: 2024-03-12 15:20:25 | C5: 15 | D5: 20 | E5: 25 | F5: 0.63917824 | G5: Afternoon | H5: Yes
A6: CRM0003 | B6: 2024-03-16 22:45:10 | C6: 22 | D6: 45 | E6: 10 | F6: 0.94803241 | G6: Evening | H6: No
A7: CRM0004 | B7: 2024-03-12 22:27:40 | C7: 22 | D7: 27 | E7: 40 | F7: 0.93587963 | G7: Evening | H7: No
A8: CRM0005 | B8: 2024-03-22 21:48:08 | C8: 21 | D8: 48 | E8: 8 | F8: 0.90842593 | G8: Evening | H8: No | K8: Business Hours? | L8: Check whether the login time falls within working hours (9 AM to 6 PM)
A9: CRM0006 | B9: 2024-03-19 10:11:26
A10: CRM0007 | B10: 2024-03-28 21:03:21
A11: CRM0008 | B11: 2024-03-22 20:28:14
A12: CRM0009 | B12: 2024-03-24 14:58:16
A13: CRM0010 | B13: 2024-03-15 12:24:43
A14: CRM0011 | B14: 2024-03-17 14:55:55
A15: CRM0012 | B15: 2024-03-23 15:35:33
A16: CRM0013 | B16: 2024-03-28 17:18:12
A17: CRM0014 | B17: 2024-03-15 13:16:13
A18: CRM0015 | B18: 2024-03-10 09:21:50
A19: CRM0016 | B19: 2024-03-14 17:58:03
A20: CRM0017 | B20: 2024-03-15 12:17:42
... A28: CRM0025 | B28: 2024-03-15 11:46:36
A30: Formula Examples and Explanation
A31: '=HOUR(time_value) | D31: Returns 0-23 -- extract hour from a time/datetime
A32: '=MINUTE(time_value) | D32: Returns 0-59 -- extract minutes
A33: '=SECOND(time_value) | D33: Returns 0-59 -- extract seconds
A34: '=TIMEVALUE("14:30:00") | D34: Converts text time to Excel serial (0.604...) for calculations
A35: '=TIMEVALUE(MID(datetime_text,12,8)) | D35: Extract time from datetime string like 2024-03-15 14:30:00
A36: '=IF(HOUR(t)>=9,IF(HOUR(t)<18,"Biz hrs","After hours"),"Before hours") | D36: Business hours classification
A37: '=NOW()-login_datetime | D37: Time elapsed since last login (as fraction of a day)
A38: '=(NOW()-login_datetime)*24 | D38: Hours elapsed since last login

Sheet Practice Exercises
A1: Practice Exercises -- Type your formula in the yellow cells
A2: All formulas reference the 'CRM Dataset' sheet. Key columns: A=Cust ID B=Raw Name C=Email D=Phone E=City F=Region G=Segment H=Plan K=Join Date L=Last Order M=Renewal Date N=Revenue O=Last Login (rows 3-27)
A4: LEFT, RIGHT, MID, LEN
A5: Q1 | B5: Extract the first 3 characters from the Cust ID of row 3 (should return CRM) | C5: Type your formula here | D5: Easy
A6: Q2 | B6: Find the length of the raw email in row 3 (includes spaces) | C6: Type your formula here | D6: Easy
A7: Q3 | B7: Extract the username part of the email in row 3 (everything before @) | C7: Type your formula here | D7: Medium
A8: Q4 | B8: Extract the domain part of the email in row 3 (everything after @) | C8: Type your formula here | D8: Medium
A9: UPPER, LOWER, PROPER, TRIM, CLEAN
A10: Q5 | B10: Standardise the raw name in row 3 to Proper Case with no extra spaces | C10: Type your formula here | D10: Easy
A11: Q6 | B11: Clean and standardise the email in row 3 to lowercase with no extra spaces | C11: Type your formula here | D11: Easy
A12: Q7 | B12: Check if the raw name in row 3 has extra spaces (return TRUE if it does) | C12: Type your formula here | D12: Medium
A13: FIND, SEARCH, SUBSTITUTE, REPLACE
A14: Q8 | B14: Find the position of @ in the email of row 3 | C14: Type your formula here | D14: Easy
A15: Q9 | B15: Standardise the phone number in row 3: remove +91, hyphens, spaces and brackets | C15: Type your formula here | D15: Medium
A16: Q10 | B16: Check if the email in row 3 contains 'gmail' (return Yes or No) | C16: Type your formula here | D16: Medium
A17: CONCAT, TEXTJOIN, TEXT
A18: Q11 | B18: Build a label for row 3 using & operator: Cust ID + " -- " + Proper Name | C18: Type your formula here | D18: Easy
A19: Q12 | B19: Format the Revenue of row 3 as text with commas (e.g. 1,25,000) | C19: Type your formula here | D19: Easy
A20: Q13 | B20: Build a full profile label using TEXTJOIN with " | " separator: ID, Name, City, Plan for row 3 | C20: Type your formula here | D20: Medium
A21: Q14 | B21: Create a sentence: 'Joined on: ' + Join Date formatted as DD-MMM-YYYY for row 3 | C21: Type your formula here | D21: Medium
A22: TODAY, NOW, DATE, TIME
A23: Q15 | B23: Calculate how many days have passed since the Join Date of row 3 | C23: Type your formula here | D23: Easy
A24: Q16 | B24: Calculate days remaining until the Renewal Date of row 3 (could be negative if expired) | C24: Type your formula here | D24: Easy
A25: Q17 | B25: Build a date using DATE function for 15th March 2025 | C25: Type your formula here | D25: Easy
A26: YEAR, MONTH, DAY, WEEKDAY, WEEKNUM
A27: Q18 | B27: Extract the year from the Join Date of row 3 | C27: Type your formula here | D27: Easy
A28: Q19 | B28: Build a Quarter-Year label for the Join Date of row 3 (e.g. Q2-2022) | C28: Type your formula here | D28: Medium
A29: Q20 | B29: Find what day of the week the Join Date of row 3 falls on (1=Mon using type 2) | C29: Type your formula here | D29: Easy
A30: DATEDIF, DAYS, NETWORKDAYS, WORKDAY, EDATE
A31: Q21 | B31: Calculate the total number of months between Join Date and Last Order date for row 3 | C31: Type your formula here | D31: Medium
A32: Q22 | B32: Count the working days (Mon-Fri) between Join Date and Last Order for row 3 | C32: Type your formula here | D32: Medium
A33: Q23 | B33: Calculate the renewal date that is 12 months after the Join Date of row 3 using EDATE | C33: Type your formula here | D33: Easy
A34: HOUR, MINUTE, SECOND, TIMEVALUE
A35: Q24 | B35: Extract the hour from the Last Login datetime text of row 3 | C35: Type your formula here | D35: Medium
A36: Q25 | B36: Classify the login time of row 3 as Morning (before 12), Afternoon (12-17) or Evening (after 17) | C36: Type your formula here | D36: Hard

Sheet Quick Reference
A1: Text and Date Functions -- Quick Reference Card
A2: Blue = Text Extraction. Green = Text Cleaning. Orange = Search and Replace. Purple = Combine and Format. Teal = Date Foundations. Indigo = Date Parts. Brown = Date Arithmetic. Maroon = Time Functions.
A3: Function | B3: Syntax | C3: Purpose | D3: Category | E3: Best Used For | F3: Key Tip
A4: LEFT | B4: '=LEFT(text, num_chars) | C4: Extract chars from start of string | D4: Text | E4: Parse codes, prefixes, fixed-width fields | F4: Use with LEN/FIND for dynamic extraction
A5: RIGHT | B5: '=RIGHT(text, num_chars) | C5: Extract chars from end of string | D5: Text | E5: File extensions, suffixes, last N chars | F5: RIGHT(text,LEN(text)-FIND(chr,text)) = after char
A6: MID | B6: '=MID(text, start_num, num_chars) | C6: Extract from any position | D6: Text | E6: Email domains, substrings, serial numbers | F6: Combine with FIND to make start_num dynamic
A7: LEN | B7: '=LEN(text) | C7: Return character count | D7: Text | E7: Validate field length, detect extra spaces | F7: LEN(A1)<>LEN(TRIM(A1)) detects extra spaces
A8: UPPER | B8: '=UPPER(text) | C8: Convert to ALL CAPS | D8: Text | E8: Key matching, heading display | F8: Use before VLOOKUP to make lookups case-insensitive
A9: LOWER | B9: '=LOWER(text) | C9: Convert to all lowercase | D9: Text | E9: Email normalisation, comparison | F9: Always LOWER+TRIM emails before any lookup
A10: PROPER | B10: '=PROPER(text) | C10: Capitalise Each Word | D10: Text | E10: Standardising customer names | F10: Combine with TRIM: =PROPER(TRIM(name))
A11: TRIM | B11: '=TRIM(text) | C11: Remove extra spaces (keeps single spaces) | D11: Text | E11: Clean imported data, CRM name fields | F11: TRIM removes internal doubles too, not just edges
A12: CLEAN | B12: '=CLEAN(text) | C12: Remove non-printable characters | D12: Text | E12: Data imported from external systems or PDFs | F12: Use with TRIM: =LOWER(TRIM(CLEAN(text)))
A13: FIND | B13: '=FIND(find_text, within_text, [start]) | C13: Position of text (case-sensitive) | D13: Text | E13: Locating @ in emails, / in paths | F13: Returns error if not found -- wrap with IFERROR
A14: SEARCH | B14: '=SEARCH(find_text, within_text, [start]) | C14: Position of text (case-insensitive) | D14: Text | E14: Contains checks, wildcard matching | F14: Use * and ? wildcards; FIND does not support them
... A38: TIMEVALUE | B38: '=TIMEVALUE(time_text) | C38: Convert time text to Excel serial | D38: Date | E38: Parse datetime strings from databases/exports | F38: '=TIMEVALUE(MID(datetime,12,8)) extracts time from text
